{"data":{"site":{"siteMetadata":{"siteTitle":"srplatforms","siteDesc":"Foremost Indigenous Company with Expertise in Marine/Offshore Support Services to the oil & Gas Industry Using Innovative service Delivery","keywords":"\n    SR PLatforms, SR, SR Platform,SR Platform Limited, Oil and Gas, oil and gas companies in Nigeria,oil and gas companies in Lagos, Nigeria,oil and gas companies in lagos hiring, nigeria oil & gas companies, lagos oil & gas companies,vessel security, oil and gas security, marine security, marine vessels, vessel protection, oil and gas security company, vessels security company, marine escorts,\n    southwest oil & gas companies, oil and gas safety bill, Marine,  vessels , offshore, marine vessels , offshore vessels , marine operations , drilling and production , upstream , oil servicing , petroleum , offshore support, fsiv , psv, ahts , Lhts, csv, crew boats , tug boats, surfer boats,  security boats ,security vessels , platform supports , anchor handling","author":"gravitytech","siteUrl":"https://www.srplatforms.com","image":"/static/bg5.png","twitterusername":"iamrasheedshina"}}}}