{"polyfill":["/polyfill-bdfdbacfb385a337a43b.js"],"app":["/app-e8a66325d38dafa2cee3.js"],"component---cache-caches-gatsby-plugin-offline-app-shell-js":["/component---cache-caches-gatsby-plugin-offline-app-shell-js-6b6b24e9d3742ef27043.js"],"component---src-pages-404-js":["/component---src-pages-404-js-54950a02656458e5f71e.js"],"component---src-pages-about-js":["/component---src-pages-about-js-4d0b781dec7bc808a76f.js"],"component---src-pages-compliance-js":["/component---src-pages-compliance-js-c8e7c52071a0c7898f78.js"],"component---src-pages-contact-js":["/component---src-pages-contact-js-81f6b245e6d59675452f.js"],"component---src-pages-csr-js":["/component---src-pages-csr-js-cfd39b02011ca7f0ff5b.js"],"component---src-pages-hse-js":["/component---src-pages-hse-js-65a38365a8db6b2ee3fd.js"],"component---src-pages-index-js":["/component---src-pages-index-js-33a895402acb665961dc.js"],"component---src-pages-marinesecurity-js":["/component---src-pages-marinesecurity-js-8ecba3bd0b77fad0764e.js"],"component---src-pages-services-js":["/component---src-pages-services-js-a306d9e9231b8754f376.js"]}