{"polyfill":["/polyfill-0572df5695ca868d93a4.js"],"app":["/app-b1c95b2712413819e4e6.js"],"component---src-pages-404-js":["/component---src-pages-404-js-453b69c82688d6835fef.js"],"component---src-pages-about-js":["/component---src-pages-about-js-ae96389844601b77dd00.js"],"component---src-pages-compliance-js":["/component---src-pages-compliance-js-aca8b04f4ee7e101151c.js"],"component---src-pages-contact-js":["/component---src-pages-contact-js-1c67c89eb769ff0f791f.js"],"component---src-pages-csr-js":["/component---src-pages-csr-js-f96095a1472c2404de50.js"],"component---src-pages-hse-js":["/component---src-pages-hse-js-1931a0fe1790e277974f.js"],"component---src-pages-index-js":["/component---src-pages-index-js-7374275da5aaaeec4024.js"],"component---src-pages-marinesecurity-js":["/component---src-pages-marinesecurity-js-7c4fa49a03a219c438c6.js"],"component---src-pages-services-js":["/component---src-pages-services-js-7cc8bbdab61c466f29b5.js"]}