{"polyfill":["/polyfill-bdfdbacfb385a337a43b.js"],"app":["/app-e8a66325d38dafa2cee3.js"],"component---cache-caches-gatsby-plugin-offline-app-shell-js":["/component---cache-caches-gatsby-plugin-offline-app-shell-js-6b6b24e9d3742ef27043.js"],"component---src-pages-404-js":["/component---src-pages-404-js-54950a02656458e5f71e.js"],"component---src-pages-about-js":["/component---src-pages-about-js-53fb031ade324e15c82f.js"],"component---src-pages-compliance-js":["/component---src-pages-compliance-js-b19e8980f8638b1efa07.js"],"component---src-pages-contact-js":["/component---src-pages-contact-js-d5ee974a3774bb9112bf.js"],"component---src-pages-csr-js":["/component---src-pages-csr-js-a7f13957094d5bd7341f.js"],"component---src-pages-hse-js":["/component---src-pages-hse-js-5a98958e34f2d8db3b88.js"],"component---src-pages-index-js":["/component---src-pages-index-js-25d4ef5ad0c8efd28201.js"],"component---src-pages-marinesecurity-js":["/component---src-pages-marinesecurity-js-798bb723f169b6d6fea2.js"],"component---src-pages-services-js":["/component---src-pages-services-js-aa4da87379c496dcdd32.js"]}